"id","timeOfPurchase","products","total","currency","paymentMethod","cardNumber","misc","storeId","userId","categoryId"
1,"2021-06-13 03:22:51.284","[{""vat"": 0.2, ""price"": 1.28, ""product"": ""sorghum"", ""isRefunded"": false}, {""vat"": 0.2, ""price"": 3.23, ""product"": ""tomatoes"", ""isRefunded"": false}, {""vat"": 0.2, ""price"": 7.6, ""product"": ""Macaron Cookies"", ""isRefunded"": false}, {""vat"": 0.2, ""price"": 1.59, ""product"": ""orange juice"", ""isRefunded"": false}, {""vat"": 0.2, ""price"": 4.94, ""product"": ""Macaron Cookies"", ""isRefunded"": false}, {""vat"": 0.2, ""price"": 6.28, ""product"": ""lettuce"", ""isRefunded"": false}, {""vat"": 0.2, ""price"": 8.09, ""product"": ""arrowroot"", ""isRefunded"": false}, {""vat"": 0.2, ""price"": 2.2, ""product"": ""sausages"", ""isRefunded"": false}, {""vat"": 0.2, ""price"": 2.24, ""product"": ""Oatmeal Raisin Cookies"", ""isRefunded"": false}]",37.45,"€","card","1254",,17,4,5
2,"2021-07-05 12:55:48.568","[{""vat"": 0.2, ""price"": 1.76, ""product"": ""brie"", ""isRefunded"": false}, {""vat"": 0.2, ""price"": 1.76, ""product"": ""quinoa"", ""isRefunded"": false}, {""vat"": 0.2, ""price"": 6.4, ""product"": ""chicken breast 450g"", ""isRefunded"": false}, {""vat"": 0.2, ""price"": 8.17, ""product"": ""quinoa"", ""isRefunded"": false}, {""vat"": 0.2, ""price"": 3.45, ""product"": ""buckwheat"", ""isRefunded"": false}, {""vat"": 0.2, ""price"": 5.63, ""product"": ""ketchup"", ""isRefunded"": false}, {""vat"": 0.2, ""price"": 8.83, ""product"": ""bread"", ""isRefunded"": false}, {""vat"": 0.2, ""price"": 8.43, ""product"": ""brie"", ""isRefunded"": false}, {""vat"": 0.2, ""price"": 8.81, ""product"": ""white wine"", ""isRefunded"": false}, {""vat"": 0.2, ""price"": 5.16, ""product"": ""red wine"", ""isRefunded"": false}, {""vat"": 0.2, ""price"": 8.05, ""product"": ""quinoa"", ""isRefunded"": false}, {""vat"": 0.2, ""price"": 5.96, ""product"": ""salami"", ""isRefunded"": false}]",72.41,"£","card","5768",,5,1,3
3,"2021-07-02 11:20:50.186","[{""vat"": 0.2, ""price"": 3.79, ""product"": ""tooth brush"", ""isRefunded"": false}, {""vat"": 0.2, ""price"": 1.39, ""product"": ""cucumber"", ""isRefunded"": false}, {""vat"": 0.2, ""price"": 5.66, ""product"": ""pork belly slices"", ""isRefunded"": false}, {""vat"": 0.2, ""price"": 6.05, ""product"": ""chips"", ""isRefunded"": false}, {""vat"": 0.2, ""price"": 3.03, ""product"": ""rocket salad"", ""isRefunded"": false}, {""vat"": 0.2, ""price"": 4.35, ""product"": ""cheese"", ""isRefunded"": false}, {""vat"": 0.2, ""price"": 5.99, ""product"": ""Gingerbread Cookies"", ""isRefunded"": false}]",30.26,"€","card","3846",,17,3,4
4,"2021-06-23 19:49:35.447","[{""vat"": 0.2, ""price"": 7.13, ""product"": ""millet"", ""isRefunded"": false}, {""vat"": 0.2, ""price"": 3.52, ""product"": ""rocket salad"", ""isRefunded"": false}, {""vat"": 0.2, ""price"": 4.64, ""product"": ""tomatoes"", ""isRefunded"": false}, {""vat"": 0.2, ""price"": 7.65, ""product"": ""pepsi"", ""isRefunded"": false}]",22.94,"€","card","2229",,4,2,6
5,"2021-06-28 12:10:10.076","[{""vat"": 0.2, ""price"": 5.28, ""product"": ""sweetcorn"", ""isRefunded"": false}, {""vat"": 0.2, ""price"": 8.91, ""product"": ""ketchup"", ""isRefunded"": false}, {""vat"": 0.2, ""price"": 2.59, ""product"": ""sweetcorn"", ""isRefunded"": false}, {""vat"": 0.2, ""price"": 6.06, ""product"": ""brown rice"", ""isRefunded"": false}, {""vat"": 0.2, ""price"": 1.59, ""product"": ""millet"", ""isRefunded"": false}]",24.43,"€","card","1254",,7,4,7
6,"2021-07-01 12:50:13.983","[{""vat"": 0.2, ""price"": 2.86, ""product"": ""salad"", ""isRefunded"": false}, {""vat"": 0.2, ""price"": 7.97, ""product"": ""coca cola zero"", ""isRefunded"": false}, {""vat"": 0.2, ""price"": 6.75, ""product"": ""crips"", ""isRefunded"": false}, {""vat"": 0.2, ""price"": 5.11, ""product"": ""chicken breast 450g"", ""isRefunded"": false}, {""vat"": 0.2, ""price"": 3.38, ""product"": ""Sugar Cookies"", ""isRefunded"": false}]",26.07,"£","card","5768",,17,1,6
7,"2021-06-23 21:57:30.016","[{""vat"": 0.2, ""price"": 3.69, ""product"": ""crips"", ""isRefunded"": false}, {""vat"": 0.2, ""price"": 4.03, ""product"": ""red wine"", ""isRefunded"": false}]",7.72,"£","card","1254",,6,4,8
8,"2021-06-19 03:18:59.151","[{""vat"": 0.2, ""price"": 7.37, ""product"": ""Sugar Cookies"", ""isRefunded"": false}, {""vat"": 0.2, ""price"": 1.6, ""product"": ""white wine"", ""isRefunded"": false}, {""vat"": 0.2, ""price"": 4.91, ""product"": ""Biscotti Cookies"", ""isRefunded"": false}, {""vat"": 0.2, ""price"": 2.94, ""product"": ""chips"", ""isRefunded"": false}, {""vat"": 0.2, ""price"": 7.12, ""product"": ""fanta"", ""isRefunded"": false}, {""vat"": 0.2, ""price"": 6.08, ""product"": ""coca cola"", ""isRefunded"": false}, {""vat"": 0.2, ""price"": 1.88, ""product"": ""chorizo"", ""isRefunded"": false}, {""vat"": 0.2, ""price"": 2.62, ""product"": ""Shortbread Cookies"", ""isRefunded"": false}, {""vat"": 0.2, ""price"": 1.74, ""product"": ""pork belly slices"", ""isRefunded"": false}, {""vat"": 0.2, ""price"": 5.98, ""product"": ""coca cola"", ""isRefunded"": false}, {""vat"": 0.2, ""price"": 7.02, ""product"": ""bread"", ""isRefunded"": false}, {""vat"": 0.2, ""price"": 4.37, ""product"": ""Macaroon Cookies"", ""isRefunded"": false}]",53.63,"$","card","3852",,19,5,7
9,"2021-06-21 05:24:44.598","[{""vat"": 0.2, ""price"": 3.2, ""product"": ""teff"", ""isRefunded"": false}, {""vat"": 0.2, ""price"": 4.21, ""product"": ""pepsi"", ""isRefunded"": false}, {""vat"": 0.2, ""price"": 8.86, ""product"": ""bread"", ""isRefunded"": false}, {""vat"": 0.2, ""price"": 4.33, ""product"": ""heineken"", ""isRefunded"": false}, {""vat"": 0.2, ""price"": 8.89, ""product"": ""coca cola zero"", ""isRefunded"": false}, {""vat"": 0.2, ""price"": 3.22, ""product"": ""sorghum"", ""isRefunded"": false}, {""vat"": 0.2, ""price"": 7.19, ""product"": ""teff"", ""isRefunded"": false}, {""vat"": 0.2, ""price"": 8.81, ""product"": ""chicken breast 450g"", ""isRefunded"": false}, {""vat"": 0.2, ""price"": 6.92, ""product"": ""tapioca"", ""isRefunded"": false}, {""vat"": 0.2, ""price"": 2.74, ""product"": ""rump steak"", ""isRefunded"": false}, {""vat"": 0.2, ""price"": 7, ""product"": ""pepsi"", ""isRefunded"": false}, {""vat"": 0.2, ""price"": 1.82, ""product"": ""millet"", ""isRefunded"": false}]",67.19,"$","card","3852",,2,5,2
10,"2021-06-01 01:26:06.564","[{""vat"": 0.2, ""price"": 5.59, ""product"": ""sweet chili sauce"", ""isRefunded"": false}, {""vat"": 0.2, ""price"": 7.66, ""product"": ""mustard"", ""isRefunded"": false}, {""vat"": 0.2, ""price"": 6.16, ""product"": ""stella"", ""isRefunded"": false}, {""vat"": 0.2, ""price"": 5.75, ""product"": ""sprite"", ""isRefunded"": false}, {""vat"": 0.2, ""price"": 5.64, ""product"": ""brown rice"", ""isRefunded"": false}, {""vat"": 0.2, ""price"": 4.36, ""product"": ""frozen peas"", ""isRefunded"": false}, {""vat"": 0.2, ""price"": 5.86, ""product"": ""frozen peas"", ""isRefunded"": false}, {""vat"": 0.2, ""price"": 3.05, ""product"": ""quinoa"", ""isRefunded"": false}, {""vat"": 0.2, ""price"": 8.6, ""product"": ""teff"", ""isRefunded"": false}, {""vat"": 0.2, ""price"": 3.24, ""product"": ""sprite"", ""isRefunded"": false}, {""vat"": 0.2, ""price"": 4.6, ""product"": ""frozen peas"", ""isRefunded"": false}]",60.51,"$","card","3852",,15,5,4
11,"2021-06-28 04:25:44.423","[{""vat"": 0.2, ""price"": 1.46, ""product"": ""sweet chili sauce"", ""isRefunded"": false}, {""vat"": 0.2, ""price"": 4.67, ""product"": ""Sugar Cookies"", ""isRefunded"": false}, {""vat"": 0.2, ""price"": 2.82, ""product"": ""chips"", ""isRefunded"": false}]",8.95,"£","card","3852",,20,5,2
12,"2021-07-06 06:46:22.979","[{""vat"": 0.2, ""price"": 5.71, ""product"": ""pork chops"", ""isRefunded"": false}, {""vat"": 0.2, ""price"": 4.83, ""product"": ""milk"", ""isRefunded"": false}, {""vat"": 0.2, ""price"": 4.99, ""product"": ""sprite"", ""isRefunded"": false}, {""vat"": 0.2, ""price"": 3.36, ""product"": ""ketchup"", ""isRefunded"": false}]",18.89,"£","card","3846",,9,3,4
13,"2021-06-21 22:53:16.671","[{""vat"": 0.2, ""price"": 7.22, ""product"": ""crips"", ""isRefunded"": false}, {""vat"": 0.2, ""price"": 7.13, ""product"": ""sausages"", ""isRefunded"": false}, {""vat"": 0.2, ""price"": 8.45, ""product"": ""chips"", ""isRefunded"": false}, {""vat"": 0.2, ""price"": 6.9, ""product"": ""cookies"", ""isRefunded"": false}]",29.7,"$","card","2229",,5,2,7
14,"2021-06-06 07:43:08.915","[{""vat"": 0.2, ""price"": 1.45, ""product"": ""bread"", ""isRefunded"": false}]",1.45,"€","card","5768",,11,1,8
15,"2021-06-10 10:03:40.526","[{""vat"": 0.2, ""price"": 1.61, ""product"": ""avocados"", ""isRefunded"": false}, {""vat"": 0.2, ""price"": 5.29, ""product"": ""sweet chili sauce"", ""isRefunded"": false}, {""vat"": 0.2, ""price"": 8.27, ""product"": ""frozen peas"", ""isRefunded"": false}, {""vat"": 0.2, ""price"": 8.81, ""product"": ""cookies"", ""isRefunded"": false}, {""vat"": 0.2, ""price"": 8.4, ""product"": ""rocket salad"", ""isRefunded"": false}, {""vat"": 0.2, ""price"": 8.67, ""product"": ""avocados"", ""isRefunded"": false}, {""vat"": 0.2, ""price"": 2.08, ""product"": ""rump steak"", ""isRefunded"": false}, {""vat"": 0.2, ""price"": 2.66, ""product"": ""pork belly slices"", ""isRefunded"": false}, {""vat"": 0.2, ""price"": 3.74, ""product"": ""lettuce"", ""isRefunded"": false}, {""vat"": 0.2, ""price"": 5.39, ""product"": ""pork belly slices"", ""isRefunded"": false}]",54.92,"$","card","5768",,8,1,2
16,"2021-06-17 05:31:11.164","[{""vat"": 0.2, ""price"": 6.02, ""product"": ""sprite"", ""isRefunded"": false}, {""vat"": 0.2, ""price"": 2.57, ""product"": ""sorghum"", ""isRefunded"": false}, {""vat"": 0.2, ""price"": 7.48, ""product"": ""tooth brush"", ""isRefunded"": false}, {""vat"": 0.2, ""price"": 6.55, ""product"": ""sprite"", ""isRefunded"": false}, {""vat"": 0.2, ""price"": 2.37, ""product"": ""pepsi"", ""isRefunded"": false}, {""vat"": 0.2, ""price"": 8.08, ""product"": ""heineken"", ""isRefunded"": false}]",33.07,"$","card","1254",,4,4,2
17,"2021-06-06 03:07:12.049","[{""vat"": 0.2, ""price"": 8.39, ""product"": ""sorghum"", ""isRefunded"": false}, {""vat"": 0.2, ""price"": 7.58, ""product"": ""ketchup"", ""isRefunded"": false}, {""vat"": 0.2, ""price"": 6.06, ""product"": ""coca cola zero"", ""isRefunded"": false}, {""vat"": 0.2, ""price"": 8.57, ""product"": ""Chocolate Chip Cookies"", ""isRefunded"": false}, {""vat"": 0.2, ""price"": 2.67, ""product"": ""fanta"", ""isRefunded"": false}]",33.27,"$","card","3852",,3,5,6
18,"2021-05-31 10:47:32.629","[{""vat"": 0.2, ""price"": 4.94, ""product"": ""crips"", ""isRefunded"": false}, {""vat"": 0.2, ""price"": 3.92, ""product"": ""fanta"", ""isRefunded"": false}, {""vat"": 0.2, ""price"": 3.09, ""product"": ""millet"", ""isRefunded"": false}, {""vat"": 0.2, ""price"": 8.02, ""product"": ""frozen peas"", ""isRefunded"": false}, {""vat"": 0.2, ""price"": 7.8, ""product"": ""Macaron Cookies"", ""isRefunded"": false}]",27.77,"£","card","3846",,10,3,8
19,"2021-06-14 18:20:27.391","[{""vat"": 0.2, ""price"": 5.03, ""product"": ""amaranth"", ""isRefunded"": false}, {""vat"": 0.2, ""price"": 7.44, ""product"": ""Biscotti Cookies"", ""isRefunded"": false}, {""vat"": 0.2, ""price"": 3.39, ""product"": ""arrowroot"", ""isRefunded"": false}]",15.86,"€","card","1254",,3,4,8
20,"2021-06-16 14:32:42.733","[{""vat"": 0.2, ""price"": 4.07, ""product"": ""wild rice"", ""isRefunded"": false}, {""vat"": 0.2, ""price"": 1.57, ""product"": ""pepsi"", ""isRefunded"": false}, {""vat"": 0.2, ""price"": 1.62, ""product"": ""oreos"", ""isRefunded"": false}, {""vat"": 0.2, ""price"": 3.55, ""product"": ""sorghum"", ""isRefunded"": false}, {""vat"": 0.2, ""price"": 6.5, ""product"": ""cucumber"", ""isRefunded"": false}, {""vat"": 0.2, ""price"": 7.94, ""product"": ""cucumber"", ""isRefunded"": false}]",25.25,"$","card","5768",,2,1,3
21,"2021-06-09 19:14:42.098","[{""vat"": 0.2, ""price"": 2.79, ""product"": ""chips"", ""isRefunded"": false}, {""vat"": 0.2, ""price"": 7.78, ""product"": ""amaranth"", ""isRefunded"": false}, {""vat"": 0.2, ""price"": 3.93, ""product"": ""cookies"", ""isRefunded"": false}, {""vat"": 0.2, ""price"": 7.17, ""product"": ""crips"", ""isRefunded"": false}, {""vat"": 0.2, ""price"": 3.97, ""product"": ""bread"", ""isRefunded"": false}, {""vat"": 0.2, ""price"": 8.57, ""product"": ""arrowroot"", ""isRefunded"": false}, {""vat"": 0.2, ""price"": 8.82, ""product"": ""brie"", ""isRefunded"": false}, {""vat"": 0.2, ""price"": 6.42, ""product"": ""ketchup"", ""isRefunded"": false}, {""vat"": 0.2, ""price"": 7.4, ""product"": ""Shortbread Cookies"", ""isRefunded"": false}]",56.85,"$","card","3852",,15,5,3
22,"2021-06-11 14:00:38.692","[{""vat"": 0.2, ""price"": 5.08, ""product"": ""coca cola zero"", ""isRefunded"": false}, {""vat"": 0.2, ""price"": 1.3, ""product"": ""Chocolate Chip Cookies"", ""isRefunded"": false}, {""vat"": 0.2, ""price"": 5.38, ""product"": ""cucumber"", ""isRefunded"": false}, {""vat"": 0.2, ""price"": 5.06, ""product"": ""Sugar Cookies"", ""isRefunded"": false}, {""vat"": 0.2, ""price"": 8.28, ""product"": ""Biscotti Cookies"", ""isRefunded"": false}]",25.1,"€","card","1254",,6,4,8
23,"2021-06-06 15:53:09.883","[{""vat"": 0.2, ""price"": 7.02, ""product"": ""crips"", ""isRefunded"": false}, {""vat"": 0.2, ""price"": 8.79, ""product"": ""amaranth"", ""isRefunded"": false}, {""vat"": 0.2, ""price"": 6.63, ""product"": ""teff"", ""isRefunded"": false}, {""vat"": 0.2, ""price"": 8.96, ""product"": ""milk"", ""isRefunded"": false}, {""vat"": 0.2, ""price"": 8.83, ""product"": ""salami"", ""isRefunded"": false}, {""vat"": 0.2, ""price"": 3.74, ""product"": ""sausages"", ""isRefunded"": false}]",43.97,"$","card","3852",,20,5,7
24,"2021-06-22 07:38:48.859","[{""vat"": 0.2, ""price"": 5.55, ""product"": ""sweetcorn"", ""isRefunded"": false}, {""vat"": 0.2, ""price"": 1.54, ""product"": ""tapioca"", ""isRefunded"": false}, {""vat"": 0.2, ""price"": 3.12, ""product"": ""rump steak"", ""isRefunded"": false}]",10.21,"£","card","5768",,14,1,7
25,"2021-06-28 15:45:42.536","[{""vat"": 0.2, ""price"": 2.77, ""product"": ""quinoa"", ""isRefunded"": false}, {""vat"": 0.2, ""price"": 2.93, ""product"": ""sprite"", ""isRefunded"": false}, {""vat"": 0.2, ""price"": 4.55, ""product"": ""brown rice"", ""isRefunded"": false}, {""vat"": 0.2, ""price"": 4.66, ""product"": ""cookies"", ""isRefunded"": false}]",14.91,"€","card","5768",,11,1,2
26,"2021-06-07 01:39:50.112","[{""vat"": 0.2, ""price"": 5.2, ""product"": ""sweet chili sauce"", ""isRefunded"": false}, {""vat"": 0.2, ""price"": 5.16, ""product"": ""wild rice"", ""isRefunded"": false}, {""vat"": 0.2, ""price"": 4.87, ""product"": ""sweet chili sauce"", ""isRefunded"": false}]",15.23,"£","card","2229",,4,2,3
27,"2021-07-02 01:34:19.735","[{""vat"": 0.2, ""price"": 7.67, ""product"": ""oat milk"", ""isRefunded"": false}, {""vat"": 0.2, ""price"": 1.64, ""product"": ""fanta"", ""isRefunded"": false}, {""vat"": 0.2, ""price"": 7.42, ""product"": ""chorizo"", ""isRefunded"": false}, {""vat"": 0.2, ""price"": 5.14, ""product"": ""brie"", ""isRefunded"": false}, {""vat"": 0.2, ""price"": 8.91, ""product"": ""cucumber"", ""isRefunded"": false}, {""vat"": 0.2, ""price"": 5.54, ""product"": ""Sugar Cookies"", ""isRefunded"": false}, {""vat"": 0.2, ""price"": 4.99, ""product"": ""coca cola"", ""isRefunded"": false}, {""vat"": 0.2, ""price"": 8.78, ""product"": ""pepsi"", ""isRefunded"": false}, {""vat"": 0.2, ""price"": 2.39, ""product"": ""tomatoes"", ""isRefunded"": false}, {""vat"": 0.2, ""price"": 6.21, ""product"": ""brie"", ""isRefunded"": false}, {""vat"": 0.2, ""price"": 1.72, ""product"": ""salami"", ""isRefunded"": false}]",60.41,"£","card","5768",,8,1,4
28,"2021-06-11 07:08:56.941","[{""vat"": 0.2, ""price"": 4.06, ""product"": ""brie"", ""isRefunded"": false}]",4.06,"£","card","2229",,7,2,3
29,"2021-06-07 17:59:22.171","[{""vat"": 0.2, ""price"": 4.85, ""product"": ""white wine"", ""isRefunded"": false}, {""vat"": 0.2, ""price"": 7.66, ""product"": ""chorizo"", ""isRefunded"": false}, {""vat"": 0.2, ""price"": 5.39, ""product"": ""Chocolate Chip Cookies"", ""isRefunded"": false}, {""vat"": 0.2, ""price"": 8.42, ""product"": ""oat milk"", ""isRefunded"": false}, {""vat"": 0.2, ""price"": 3.18, ""product"": ""tomatoes"", ""isRefunded"": false}, {""vat"": 0.2, ""price"": 1.44, ""product"": ""pepsi"", ""isRefunded"": false}, {""vat"": 0.2, ""price"": 5.26, ""product"": ""frozen peas"", ""isRefunded"": false}, {""vat"": 0.2, ""price"": 7.24, ""product"": ""arrowroot"", ""isRefunded"": false}, {""vat"": 0.2, ""price"": 3.87, ""product"": ""chorizo"", ""isRefunded"": false}, {""vat"": 0.2, ""price"": 4.68, ""product"": ""oat milk"", ""isRefunded"": false}]",51.99,"£","card","1254",,7,4,7
30,"2021-07-04 06:38:00.853","[{""vat"": 0.2, ""price"": 6.12, ""product"": ""coca cola"", ""isRefunded"": false}, {""vat"": 0.2, ""price"": 1.03, ""product"": ""chips"", ""isRefunded"": false}, {""vat"": 0.2, ""price"": 5.23, ""product"": ""rump steak"", ""isRefunded"": false}, {""vat"": 0.2, ""price"": 5.56, ""product"": ""pork chops"", ""isRefunded"": false}, {""vat"": 0.2, ""price"": 6.21, ""product"": ""chorizo"", ""isRefunded"": false}]",24.15,"£","card","3846",,7,3,2
31,"2021-06-20 22:53:27.875","[{""vat"": 0.2, ""price"": 7.25, ""product"": ""sprite"", ""isRefunded"": false}, {""vat"": 0.2, ""price"": 3.96, ""product"": ""oreos"", ""isRefunded"": false}]",11.21,"€","card","3846",,16,3,1
32,"2021-06-22 08:13:23.757","[{""vat"": 0.2, ""price"": 3.11, ""product"": ""bread"", ""isRefunded"": false}, {""vat"": 0.2, ""price"": 4.54, ""product"": ""lettuce"", ""isRefunded"": false}, {""vat"": 0.2, ""price"": 2.87, ""product"": ""cookies"", ""isRefunded"": false}, {""vat"": 0.2, ""price"": 2.16, ""product"": ""Chocolate Chip Cookies"", ""isRefunded"": false}, {""vat"": 0.2, ""price"": 5.13, ""product"": ""oreos"", ""isRefunded"": false}]",17.81,"£","card","5768",,10,1,3
33,"2021-06-05 22:14:02.525","[{""vat"": 0.2, ""price"": 7.41, ""product"": ""chips"", ""isRefunded"": false}, {""vat"": 0.2, ""price"": 8.23, ""product"": ""brown rice"", ""isRefunded"": false}, {""vat"": 0.2, ""price"": 4.85, ""product"": ""chips"", ""isRefunded"": false}, {""vat"": 0.2, ""price"": 6.58, ""product"": ""wild rice"", ""isRefunded"": false}]",27.07,"€","card","1254",,10,4,6
34,"2021-06-06 14:09:27.079","[{""vat"": 0.2, ""price"": 7.07, ""product"": ""bread"", ""isRefunded"": false}, {""vat"": 0.2, ""price"": 2.87, ""product"": ""tomatoes"", ""isRefunded"": false}, {""vat"": 0.2, ""price"": 7.05, ""product"": ""rump steak"", ""isRefunded"": false}, {""vat"": 0.2, ""price"": 4.32, ""product"": ""coca cola"", ""isRefunded"": false}, {""vat"": 0.2, ""price"": 4.52, ""product"": ""tomatoes"", ""isRefunded"": false}, {""vat"": 0.2, ""price"": 6.78, ""product"": ""coca cola"", ""isRefunded"": false}, {""vat"": 0.2, ""price"": 7.18, ""product"": ""amaranth"", ""isRefunded"": false}, {""vat"": 0.2, ""price"": 5.94, ""product"": ""rocket salad"", ""isRefunded"": false}, {""vat"": 0.2, ""price"": 3.59, ""product"": ""arrowroot"", ""isRefunded"": false}, {""vat"": 0.2, ""price"": 6.54, ""product"": ""tapioca"", ""isRefunded"": false}]",55.86,"£","card","2229",,11,2,5
35,"2021-06-24 21:32:10.185","[{""vat"": 0.2, ""price"": 4.87, ""product"": ""brown rice"", ""isRefunded"": false}, {""vat"": 0.2, ""price"": 5.63, ""product"": ""frozen peas"", ""isRefunded"": false}, {""vat"": 0.2, ""price"": 1.74, ""product"": ""sprite"", ""isRefunded"": false}, {""vat"": 0.2, ""price"": 4.51, ""product"": ""teff"", ""isRefunded"": false}, {""vat"": 0.2, ""price"": 1.85, ""product"": ""Chocolate Chip Cookies"", ""isRefunded"": false}, {""vat"": 0.2, ""price"": 5.42, ""product"": ""millet"", ""isRefunded"": false}, {""vat"": 0.2, ""price"": 4.43, ""product"": ""tapioca"", ""isRefunded"": false}]",28.45,"£","card","5768",,12,1,3
36,"2021-06-29 10:22:33.94","[{""vat"": 0.2, ""price"": 4.99, ""product"": ""oat milk"", ""isRefunded"": false}, {""vat"": 0.2, ""price"": 6.04, ""product"": ""ketchup"", ""isRefunded"": false}, {""vat"": 0.2, ""price"": 2.45, ""product"": ""brown rice"", ""isRefunded"": false}, {""vat"": 0.2, ""price"": 6.52, ""product"": ""bread"", ""isRefunded"": false}, {""vat"": 0.2, ""price"": 4.73, ""product"": ""salami"", ""isRefunded"": false}, {""vat"": 0.2, ""price"": 7.53, ""product"": ""ketchup"", ""isRefunded"": false}]",32.26,"$","card","2229",,14,2,7
37,"2021-06-09 07:55:33.37","[{""vat"": 0.2, ""price"": 7.79, ""product"": ""oat milk"", ""isRefunded"": false}, {""vat"": 0.2, ""price"": 8.87, ""product"": ""Macaron Cookies"", ""isRefunded"": false}, {""vat"": 0.2, ""price"": 2.83, ""product"": ""frozen peas"", ""isRefunded"": false}, {""vat"": 0.2, ""price"": 8.77, ""product"": ""sprite"", ""isRefunded"": false}, {""vat"": 0.2, ""price"": 8.39, ""product"": ""amaranth"", ""isRefunded"": false}, {""vat"": 0.2, ""price"": 3.1, ""product"": ""arrowroot"", ""isRefunded"": false}, {""vat"": 0.2, ""price"": 5.48, ""product"": ""Biscotti Cookies"", ""isRefunded"": false}, {""vat"": 0.2, ""price"": 4.19, ""product"": ""arrowroot"", ""isRefunded"": false}, {""vat"": 0.2, ""price"": 1.04, ""product"": ""Gingerbread Cookies"", ""isRefunded"": false}, {""vat"": 0.2, ""price"": 6.14, ""product"": ""stella"", ""isRefunded"": false}, {""vat"": 0.2, ""price"": 8.3, ""product"": ""red wine"", ""isRefunded"": false}]",64.9,"£","card","2229",,8,2,1
38,"2021-06-02 20:59:47.235","[{""vat"": 0.2, ""price"": 1.98, ""product"": ""red wine"", ""isRefunded"": false}, {""vat"": 0.2, ""price"": 1.74, ""product"": ""amaranth"", ""isRefunded"": false}, {""vat"": 0.2, ""price"": 8.98, ""product"": ""tomatoes"", ""isRefunded"": false}, {""vat"": 0.2, ""price"": 8.55, ""product"": ""frozen peas"", ""isRefunded"": false}, {""vat"": 0.2, ""price"": 1.27, ""product"": ""cucumber"", ""isRefunded"": false}, {""vat"": 0.2, ""price"": 8.97, ""product"": ""cheese"", ""isRefunded"": false}]",31.49,"€","card","2229",,17,2,2
39,"2021-06-20 18:10:03.103","[{""vat"": 0.2, ""price"": 6.1, ""product"": ""avocados"", ""isRefunded"": false}, {""vat"": 0.2, ""price"": 6.91, ""product"": ""red wine"", ""isRefunded"": false}, {""vat"": 0.2, ""price"": 6.47, ""product"": ""bread"", ""isRefunded"": false}, {""vat"": 0.2, ""price"": 7.24, ""product"": ""white wine"", ""isRefunded"": false}]",26.72,"$","card","1254",,12,4,6
40,"2021-06-17 12:03:45.178","[{""vat"": 0.2, ""price"": 5.93, ""product"": ""tapioca"", ""isRefunded"": false}, {""vat"": 0.2, ""price"": 3.6, ""product"": ""buckwheat"", ""isRefunded"": false}, {""vat"": 0.2, ""price"": 1.47, ""product"": ""sorghum"", ""isRefunded"": false}, {""vat"": 0.2, ""price"": 3.05, ""product"": ""milk"", ""isRefunded"": false}, {""vat"": 0.2, ""price"": 7.81, ""product"": ""rump steak"", ""isRefunded"": false}, {""vat"": 0.2, ""price"": 1.98, ""product"": ""stella"", ""isRefunded"": false}, {""vat"": 0.2, ""price"": 7.28, ""product"": ""mustard"", ""isRefunded"": false}, {""vat"": 0.2, ""price"": 2.24, ""product"": ""stella"", ""isRefunded"": false}, {""vat"": 0.2, ""price"": 5.86, ""product"": ""bread"", ""isRefunded"": false}, {""vat"": 0.2, ""price"": 8.34, ""product"": ""chorizo"", ""isRefunded"": false}, {""vat"": 0.2, ""price"": 8.24, ""product"": ""pork chops"", ""isRefunded"": false}, {""vat"": 0.2, ""price"": 7.63, ""product"": ""pepsi"", ""isRefunded"": false}]",63.43,"$","card","3852",,6,5,2
41,"2021-06-04 06:27:18.778","[{""vat"": 0.2, ""price"": 3.08, ""product"": ""white wine"", ""isRefunded"": false}, {""vat"": 0.2, ""price"": 5.24, ""product"": ""Shortbread Cookies"", ""isRefunded"": false}, {""vat"": 0.2, ""price"": 4.41, ""product"": ""heineken"", ""isRefunded"": false}, {""vat"": 0.2, ""price"": 4.97, ""product"": ""lettuce"", ""isRefunded"": false}, {""vat"": 0.2, ""price"": 6.27, ""product"": ""fanta"", ""isRefunded"": false}, {""vat"": 0.2, ""price"": 6.71, ""product"": ""sprite"", ""isRefunded"": false}, {""vat"": 0.2, ""price"": 6.17, ""product"": ""oreos"", ""isRefunded"": false}, {""vat"": 0.2, ""price"": 6.48, ""product"": ""frozen peas"", ""isRefunded"": false}, {""vat"": 0.2, ""price"": 7.03, ""product"": ""chorizo"", ""isRefunded"": false}, {""vat"": 0.2, ""price"": 7.56, ""product"": ""millet"", ""isRefunded"": false}, {""vat"": 0.2, ""price"": 1.84, ""product"": ""arrowroot"", ""isRefunded"": false}, {""vat"": 0.2, ""price"": 4.89, ""product"": ""cheese"", ""isRefunded"": false}]",64.65,"£","card","5768",,12,1,6
42,"2021-07-06 02:23:43.271","[{""vat"": 0.2, ""price"": 1.39, ""product"": ""Gingerbread Cookies"", ""isRefunded"": false}, {""vat"": 0.2, ""price"": 7.55, ""product"": ""rump steak"", ""isRefunded"": false}, {""vat"": 0.2, ""price"": 5.81, ""product"": ""cheese"", ""isRefunded"": false}, {""vat"": 0.2, ""price"": 7.95, ""product"": ""avocados"", ""isRefunded"": false}, {""vat"": 0.2, ""price"": 8.33, ""product"": ""oreos"", ""isRefunded"": false}, {""vat"": 0.2, ""price"": 7.02, ""product"": ""Gingerbread Cookies"", ""isRefunded"": false}, {""vat"": 0.2, ""price"": 2.1, ""product"": ""Shortbread Cookies"", ""isRefunded"": false}, {""vat"": 0.2, ""price"": 3.52, ""product"": ""wild rice"", ""isRefunded"": false}]",43.67,"£","card","1254",,6,4,2
43,"2021-06-18 07:59:39.364","[{""vat"": 0.2, ""price"": 1.69, ""product"": ""oreos"", ""isRefunded"": false}, {""vat"": 0.2, ""price"": 4.15, ""product"": ""sweet chili sauce"", ""isRefunded"": false}, {""vat"": 0.2, ""price"": 6.44, ""product"": ""tapioca"", ""isRefunded"": false}, {""vat"": 0.2, ""price"": 5.29, ""product"": ""ketchup"", ""isRefunded"": false}, {""vat"": 0.2, ""price"": 2.14, ""product"": ""frozen peas"", ""isRefunded"": false}, {""vat"": 0.2, ""price"": 1.63, ""product"": ""tooth brush"", ""isRefunded"": false}, {""vat"": 0.2, ""price"": 1.67, ""product"": ""Sugar Cookies"", ""isRefunded"": false}, {""vat"": 0.2, ""price"": 1.63, ""product"": ""Macaron Cookies"", ""isRefunded"": false}]",24.64,"$","card","3846",,2,3,8
44,"2021-06-20 11:55:47.582","[{""vat"": 0.2, ""price"": 3.09, ""product"": ""lettuce"", ""isRefunded"": false}, {""vat"": 0.2, ""price"": 2.68, ""product"": ""salami"", ""isRefunded"": false}, {""vat"": 0.2, ""price"": 8.77, ""product"": ""coca cola zero"", ""isRefunded"": false}, {""vat"": 0.2, ""price"": 3.44, ""product"": ""coca cola"", ""isRefunded"": false}, {""vat"": 0.2, ""price"": 3.2, ""product"": ""avocados"", ""isRefunded"": false}, {""vat"": 0.2, ""price"": 5.04, ""product"": ""sweetcorn"", ""isRefunded"": false}]",26.22,"$","card","5768",,20,1,6
45,"2021-06-23 03:35:25.743","[{""vat"": 0.2, ""price"": 3.12, ""product"": ""rocket salad"", ""isRefunded"": false}]",3.12,"€","card","3852",,15,5,4
46,"2021-06-09 01:26:14.825","[{""vat"": 0.2, ""price"": 3.15, ""product"": ""red wine"", ""isRefunded"": false}, {""vat"": 0.2, ""price"": 6.98, ""product"": ""teff"", ""isRefunded"": false}, {""vat"": 0.2, ""price"": 3.18, ""product"": ""oat milk"", ""isRefunded"": false}, {""vat"": 0.2, ""price"": 3.99, ""product"": ""avocados"", ""isRefunded"": false}]",17.3,"£","card","2229",,3,2,1
47,"2021-06-08 14:21:06.023","[{""vat"": 0.2, ""price"": 4.04, ""product"": ""cookies"", ""isRefunded"": false}, {""vat"": 0.2, ""price"": 6.78, ""product"": ""buckwheat"", ""isRefunded"": false}, {""vat"": 0.2, ""price"": 8.8, ""product"": ""white wine"", ""isRefunded"": false}]",19.62,"£","card","3846",,15,3,4
48,"2021-06-08 12:08:53.187","[{""vat"": 0.2, ""price"": 1.57, ""product"": ""millet"", ""isRefunded"": false}, {""vat"": 0.2, ""price"": 2.74, ""product"": ""sweetcorn"", ""isRefunded"": false}, {""vat"": 0.2, ""price"": 8.2, ""product"": ""sausages"", ""isRefunded"": false}, {""vat"": 0.2, ""price"": 7.37, ""product"": ""pepsi"", ""isRefunded"": false}, {""vat"": 0.2, ""price"": 1.32, ""product"": ""sweet chili sauce"", ""isRefunded"": false}, {""vat"": 0.2, ""price"": 5.38, ""product"": ""wild rice"", ""isRefunded"": false}, {""vat"": 0.2, ""price"": 8.02, ""product"": ""red wine"", ""isRefunded"": false}, {""vat"": 0.2, ""price"": 4.94, ""product"": ""tooth brush"", ""isRefunded"": false}, {""vat"": 0.2, ""price"": 4.54, ""product"": ""sorghum"", ""isRefunded"": false}, {""vat"": 0.2, ""price"": 8.94, ""product"": ""amaranth"", ""isRefunded"": false}, {""vat"": 0.2, ""price"": 7.12, ""product"": ""Gingerbread Cookies"", ""isRefunded"": false}, {""vat"": 0.2, ""price"": 2.84, ""product"": ""chorizo"", ""isRefunded"": false}]",62.98,"€","card","1254",,18,4,1
49,"2021-06-26 17:18:53.236","[{""vat"": 0.2, ""price"": 1.71, ""product"": ""sweetcorn"", ""isRefunded"": false}, {""vat"": 0.2, ""price"": 4.92, ""product"": ""pepsi"", ""isRefunded"": false}, {""vat"": 0.2, ""price"": 8.68, ""product"": ""tomatoes"", ""isRefunded"": false}, {""vat"": 0.2, ""price"": 8.51, ""product"": ""cucumber"", ""isRefunded"": false}, {""vat"": 0.2, ""price"": 1.19, ""product"": ""cucumber"", ""isRefunded"": false}, {""vat"": 0.2, ""price"": 5.33, ""product"": ""sweet chili sauce"", ""isRefunded"": false}, {""vat"": 0.2, ""price"": 4.75, ""product"": ""rocket salad"", ""isRefunded"": false}, {""vat"": 0.2, ""price"": 4.63, ""product"": ""millet"", ""isRefunded"": false}]",39.72,"€","card","5768",,11,1,5
50,"2021-06-27 02:23:57.814","[{""vat"": 0.2, ""price"": 2.69, ""product"": ""chorizo"", ""isRefunded"": false}, {""vat"": 0.2, ""price"": 1.23, ""product"": ""fanta"", ""isRefunded"": false}, {""vat"": 0.2, ""price"": 4.49, ""product"": ""buckwheat"", ""isRefunded"": false}, {""vat"": 0.2, ""price"": 4.77, ""product"": ""salad"", ""isRefunded"": false}, {""vat"": 0.2, ""price"": 2.44, ""product"": ""teff"", ""isRefunded"": false}, {""vat"": 0.2, ""price"": 5.91, ""product"": ""Sugar Cookies"", ""isRefunded"": false}, {""vat"": 0.2, ""price"": 1.65, ""product"": ""orange juice"", ""isRefunded"": false}, {""vat"": 0.2, ""price"": 8.16, ""product"": ""lettuce"", ""isRefunded"": false}, {""vat"": 0.2, ""price"": 6.91, ""product"": ""Macaron Cookies"", ""isRefunded"": false}]",38.25,"€","card","2229",,18,2,8
51,"2021-06-09 01:34:57.613","[{""vat"": 0.2, ""price"": 3.74, ""product"": ""frozen peas"", ""isRefunded"": false}, {""vat"": 0.2, ""price"": 7.63, ""product"": ""red wine"", ""isRefunded"": false}, {""vat"": 0.2, ""price"": 2.19, ""product"": ""salami"", ""isRefunded"": false}, {""vat"": 0.2, ""price"": 8.51, ""product"": ""sausages"", ""isRefunded"": false}]",22.07,"£","card","5768",,5,1,7
52,"2021-06-26 22:18:27.683","[{""vat"": 0.2, ""price"": 4.03, ""product"": ""sweetcorn"", ""isRefunded"": false}, {""vat"": 0.2, ""price"": 1.38, ""product"": ""red wine"", ""isRefunded"": false}]",5.41,"€","card","2229",,17,2,3
53,"2021-06-02 04:40:21.753","[{""vat"": 0.2, ""price"": 4.86, ""product"": ""sweetcorn"", ""isRefunded"": false}, {""vat"": 0.2, ""price"": 5.95, ""product"": ""chorizo"", ""isRefunded"": false}]",10.81,"£","card","1254",,9,4,3
54,"2021-06-30 20:49:55.32","[{""vat"": 0.2, ""price"": 7.13, ""product"": ""coca cola zero"", ""isRefunded"": false}, {""vat"": 0.2, ""price"": 2.75, ""product"": ""sorghum"", ""isRefunded"": false}, {""vat"": 0.2, ""price"": 6.27, ""product"": ""avocados"", ""isRefunded"": false}, {""vat"": 0.2, ""price"": 7.13, ""product"": ""red wine"", ""isRefunded"": false}, {""vat"": 0.2, ""price"": 3.6, ""product"": ""tooth brush"", ""isRefunded"": false}, {""vat"": 0.2, ""price"": 6.84, ""product"": ""brie"", ""isRefunded"": false}, {""vat"": 0.2, ""price"": 1.63, ""product"": ""chicken breast 450g"", ""isRefunded"": false}, {""vat"": 0.2, ""price"": 4.63, ""product"": ""oreos"", ""isRefunded"": false}, {""vat"": 0.2, ""price"": 8.43, ""product"": ""salad"", ""isRefunded"": false}, {""vat"": 0.2, ""price"": 4.54, ""product"": ""cookies"", ""isRefunded"": false}, {""vat"": 0.2, ""price"": 6.99, ""product"": ""Biscotti Cookies"", ""isRefunded"": false}, {""vat"": 0.2, ""price"": 8.05, ""product"": ""brie"", ""isRefunded"": false}]",67.99,"£","card","5768",,5,1,6
55,"2021-06-17 05:54:40.635","[{""vat"": 0.2, ""price"": 8.59, ""product"": ""crips"", ""isRefunded"": false}, {""vat"": 0.2, ""price"": 2.69, ""product"": ""salami"", ""isRefunded"": false}, {""vat"": 0.2, ""price"": 8.37, ""product"": ""lettuce"", ""isRefunded"": false}, {""vat"": 0.2, ""price"": 1.77, ""product"": ""pork belly slices"", ""isRefunded"": false}, {""vat"": 0.2, ""price"": 5.55, ""product"": ""pork belly slices"", ""isRefunded"": false}, {""vat"": 0.2, ""price"": 8.45, ""product"": ""heineken"", ""isRefunded"": false}, {""vat"": 0.2, ""price"": 4.34, ""product"": ""sprite"", ""isRefunded"": false}, {""vat"": 0.2, ""price"": 1.72, ""product"": ""Sugar Cookies"", ""isRefunded"": false}, {""vat"": 0.2, ""price"": 3.1, ""product"": ""Shortbread Cookies"", ""isRefunded"": false}, {""vat"": 0.2, ""price"": 8.32, ""product"": ""salami"", ""isRefunded"": false}]",52.9,"£","card","3846",,19,3,3
56,"2021-06-17 06:49:38.458","[{""vat"": 0.2, ""price"": 1.71, ""product"": ""amaranth"", ""isRefunded"": false}, {""vat"": 0.2, ""price"": 1.5, ""product"": ""pepsi"", ""isRefunded"": false}, {""vat"": 0.2, ""price"": 3.14, ""product"": ""Biscotti Cookies"", ""isRefunded"": false}, {""vat"": 0.2, ""price"": 4.27, ""product"": ""rump steak"", ""isRefunded"": false}, {""vat"": 0.2, ""price"": 1.85, ""product"": ""wild rice"", ""isRefunded"": false}, {""vat"": 0.2, ""price"": 1.93, ""product"": ""quinoa"", ""isRefunded"": false}]",14.4,"$","card","1254",,20,4,1
57,"2021-06-16 03:55:48.369","[{""vat"": 0.2, ""price"": 2.31, ""product"": ""heineken"", ""isRefunded"": false}, {""vat"": 0.2, ""price"": 4.22, ""product"": ""milk"", ""isRefunded"": false}, {""vat"": 0.2, ""price"": 5.26, ""product"": ""sausages"", ""isRefunded"": false}, {""vat"": 0.2, ""price"": 7.31, ""product"": ""arrowroot"", ""isRefunded"": false}, {""vat"": 0.2, ""price"": 1.56, ""product"": ""pork belly slices"", ""isRefunded"": false}, {""vat"": 0.2, ""price"": 1.15, ""product"": ""fanta"", ""isRefunded"": false}]",21.81,"€","card","5768",,17,1,2
58,"2021-07-03 15:35:40.408","[{""vat"": 0.2, ""price"": 1.05, ""product"": ""quinoa"", ""isRefunded"": false}, {""vat"": 0.2, ""price"": 4.15, ""product"": ""cucumber"", ""isRefunded"": false}, {""vat"": 0.2, ""price"": 5.86, ""product"": ""crips"", ""isRefunded"": false}, {""vat"": 0.2, ""price"": 3.29, ""product"": ""Sugar Cookies"", ""isRefunded"": false}]",14.35,"€","card","2229",,16,2,8
59,"2021-06-10 13:36:34.977","[{""vat"": 0.2, ""price"": 7.74, ""product"": ""millet"", ""isRefunded"": false}, {""vat"": 0.2, ""price"": 6.96, ""product"": ""chips"", ""isRefunded"": false}, {""vat"": 0.2, ""price"": 5.68, ""product"": ""frozen peas"", ""isRefunded"": false}, {""vat"": 0.2, ""price"": 7.21, ""product"": ""Chocolate Chip Cookies"", ""isRefunded"": false}, {""vat"": 0.2, ""price"": 6.2, ""product"": ""heineken"", ""isRefunded"": false}, {""vat"": 0.2, ""price"": 8.85, ""product"": ""brown rice"", ""isRefunded"": false}, {""vat"": 0.2, ""price"": 7.21, ""product"": ""oat milk"", ""isRefunded"": false}, {""vat"": 0.2, ""price"": 8.63, ""product"": ""salami"", ""isRefunded"": false}, {""vat"": 0.2, ""price"": 4, ""product"": ""Chocolate Chip Cookies"", ""isRefunded"": false}, {""vat"": 0.2, ""price"": 5.6, ""product"": ""Sugar Cookies"", ""isRefunded"": false}, {""vat"": 0.2, ""price"": 3.72, ""product"": ""sausages"", ""isRefunded"": false}]",71.8,"£","card","3846",,1,3,2
60,"2021-06-02 01:58:54.47","[{""vat"": 0.2, ""price"": 2.05, ""product"": ""salad"", ""isRefunded"": false}, {""vat"": 0.2, ""price"": 3.39, ""product"": ""arrowroot"", ""isRefunded"": false}, {""vat"": 0.2, ""price"": 3.8, ""product"": ""cheese"", ""isRefunded"": false}, {""vat"": 0.2, ""price"": 7.69, ""product"": ""Macaron Cookies"", ""isRefunded"": false}, {""vat"": 0.2, ""price"": 6.87, ""product"": ""sweet chili sauce"", ""isRefunded"": false}, {""vat"": 0.2, ""price"": 6, ""product"": ""coca cola zero"", ""isRefunded"": false}, {""vat"": 0.2, ""price"": 2.78, ""product"": ""cheese"", ""isRefunded"": false}, {""vat"": 0.2, ""price"": 5.85, ""product"": ""Oatmeal Raisin Cookies"", ""isRefunded"": false}]",38.43,"$","card","2229",,11,2,5
61,"2021-06-29 16:30:29.036","[{""vat"": 0.2, ""price"": 8.2, ""product"": ""brown rice"", ""isRefunded"": false}]",8.2,"€","card","1254",,14,4,8
62,"2021-06-05 08:30:33.119","[{""vat"": 0.2, ""price"": 7.55, ""product"": ""red wine"", ""isRefunded"": false}, {""vat"": 0.2, ""price"": 6.71, ""product"": ""rump steak"", ""isRefunded"": false}, {""vat"": 0.2, ""price"": 2.15, ""product"": ""orange juice"", ""isRefunded"": false}, {""vat"": 0.2, ""price"": 6.88, ""product"": ""sprite"", ""isRefunded"": false}, {""vat"": 0.2, ""price"": 6.46, ""product"": ""sorghum"", ""isRefunded"": false}, {""vat"": 0.2, ""price"": 5.21, ""product"": ""amaranth"", ""isRefunded"": false}, {""vat"": 0.2, ""price"": 4.95, ""product"": ""pork belly slices"", ""isRefunded"": false}, {""vat"": 0.2, ""price"": 4.19, ""product"": ""sweetcorn"", ""isRefunded"": false}, {""vat"": 0.2, ""price"": 4.01, ""product"": ""chorizo"", ""isRefunded"": false}, {""vat"": 0.2, ""price"": 8.23, ""product"": ""brie"", ""isRefunded"": false}, {""vat"": 0.2, ""price"": 6.05, ""product"": ""salami"", ""isRefunded"": false}, {""vat"": 0.2, ""price"": 5.66, ""product"": ""quinoa"", ""isRefunded"": false}]",68.05,"€","card","5768",,18,1,5
63,"2021-06-04 01:52:53.918","[{""vat"": 0.2, ""price"": 2.03, ""product"": ""millet"", ""isRefunded"": false}, {""vat"": 0.2, ""price"": 2.87, ""product"": ""chips"", ""isRefunded"": false}, {""vat"": 0.2, ""price"": 1.16, ""product"": ""pepsi"", ""isRefunded"": false}, {""vat"": 0.2, ""price"": 3.96, ""product"": ""tomatoes"", ""isRefunded"": false}, {""vat"": 0.2, ""price"": 7.76, ""product"": ""coca cola"", ""isRefunded"": false}, {""vat"": 0.2, ""price"": 2.84, ""product"": ""oreos"", ""isRefunded"": false}, {""vat"": 0.2, ""price"": 2.09, ""product"": ""rocket salad"", ""isRefunded"": false}, {""vat"": 0.2, ""price"": 2.44, ""product"": ""rump steak"", ""isRefunded"": false}, {""vat"": 0.2, ""price"": 6.02, ""product"": ""bread"", ""isRefunded"": false}, {""vat"": 0.2, ""price"": 4.55, ""product"": ""cheese"", ""isRefunded"": false}, {""vat"": 0.2, ""price"": 6.98, ""product"": ""ketchup"", ""isRefunded"": false}, {""vat"": 0.2, ""price"": 2.61, ""product"": ""Biscotti Cookies"", ""isRefunded"": false}]",45.31,"£","card","3852",,16,5,5
64,"2021-06-07 10:03:28.213","[{""vat"": 0.2, ""price"": 4.41, ""product"": ""tomatoes"", ""isRefunded"": false}, {""vat"": 0.2, ""price"": 7.69, ""product"": ""white wine"", ""isRefunded"": false}]",12.1,"£","card","2229",,19,2,8
65,"2021-06-21 13:53:38.794","[{""vat"": 0.2, ""price"": 7.94, ""product"": ""millet"", ""isRefunded"": false}, {""vat"": 0.2, ""price"": 7.73, ""product"": ""brown rice"", ""isRefunded"": false}, {""vat"": 0.2, ""price"": 2.09, ""product"": ""coca cola zero"", ""isRefunded"": false}, {""vat"": 0.2, ""price"": 3.23, ""product"": ""sprite"", ""isRefunded"": false}]",20.99,"$","card","1254",,12,4,2
66,"2021-06-10 20:48:20.375","[{""vat"": 0.2, ""price"": 3.39, ""product"": ""Shortbread Cookies"", ""isRefunded"": false}, {""vat"": 0.2, ""price"": 7.88, ""product"": ""white wine"", ""isRefunded"": false}, {""vat"": 0.2, ""price"": 8.31, ""product"": ""Gingerbread Cookies"", ""isRefunded"": false}, {""vat"": 0.2, ""price"": 2.59, ""product"": ""chips"", ""isRefunded"": false}]",22.17,"€","card","5768",,16,1,6
67,"2021-06-05 21:25:48.435","[{""vat"": 0.2, ""price"": 8.64, ""product"": ""teff"", ""isRefunded"": false}, {""vat"": 0.2, ""price"": 4.51, ""product"": ""wild rice"", ""isRefunded"": false}, {""vat"": 0.2, ""price"": 3.71, ""product"": ""crips"", ""isRefunded"": false}, {""vat"": 0.2, ""price"": 9, ""product"": ""oat milk"", ""isRefunded"": false}, {""vat"": 0.2, ""price"": 7.25, ""product"": ""amaranth"", ""isRefunded"": false}]",33.11,"$","card","2229",,6,2,3
68,"2021-07-06 17:48:09.988","[{""vat"": 0.2, ""price"": 3.85, ""product"": ""cookies"", ""isRefunded"": false}, {""vat"": 0.2, ""price"": 3.02, ""product"": ""avocados"", ""isRefunded"": false}, {""vat"": 0.2, ""price"": 3.31, ""product"": ""sweet chili sauce"", ""isRefunded"": false}]",10.18,"$","card","5768",,20,1,2
69,"2021-07-06 10:27:27.826","[{""vat"": 0.2, ""price"": 7.16, ""product"": ""amaranth"", ""isRefunded"": false}]",7.16,"£","card","1254",,1,4,1
70,"2021-06-30 13:11:48.054","[{""vat"": 0.2, ""price"": 4.96, ""product"": ""chips"", ""isRefunded"": false}, {""vat"": 0.2, ""price"": 3.09, ""product"": ""crips"", ""isRefunded"": false}, {""vat"": 0.2, ""price"": 3.15, ""product"": ""amaranth"", ""isRefunded"": false}, {""vat"": 0.2, ""price"": 3.13, ""product"": ""wild rice"", ""isRefunded"": false}, {""vat"": 0.2, ""price"": 5.26, ""product"": ""Sugar Cookies"", ""isRefunded"": false}, {""vat"": 0.2, ""price"": 5.19, ""product"": ""Chocolate Chip Cookies"", ""isRefunded"": false}, {""vat"": 0.2, ""price"": 8.28, ""product"": ""sprite"", ""isRefunded"": false}, {""vat"": 0.2, ""price"": 1.64, ""product"": ""orange juice"", ""isRefunded"": false}]",34.7,"$","card","1254",,10,4,2
71,"2021-06-08 21:26:56.244","[{""vat"": 0.2, ""price"": 2.44, ""product"": ""rump steak"", ""isRefunded"": false}, {""vat"": 0.2, ""price"": 3.13, ""product"": ""fanta"", ""isRefunded"": false}, {""vat"": 0.2, ""price"": 6.01, ""product"": ""Oatmeal Raisin Cookies"", ""isRefunded"": false}]",11.58,"$","card","5768",,3,1,6
72,"2021-06-18 19:43:10.408","[{""vat"": 0.2, ""price"": 5.78, ""product"": ""cheese"", ""isRefunded"": false}, {""vat"": 0.2, ""price"": 5.73, ""product"": ""fanta"", ""isRefunded"": false}, {""vat"": 0.2, ""price"": 4.69, ""product"": ""brown rice"", ""isRefunded"": false}, {""vat"": 0.2, ""price"": 8.19, ""product"": ""Sugar Cookies"", ""isRefunded"": false}, {""vat"": 0.2, ""price"": 6, ""product"": ""Sugar Cookies"", ""isRefunded"": false}, {""vat"": 0.2, ""price"": 1.57, ""product"": ""coca cola"", ""isRefunded"": false}, {""vat"": 0.2, ""price"": 5.42, ""product"": ""coca cola"", ""isRefunded"": false}, {""vat"": 0.2, ""price"": 5.89, ""product"": ""avocados"", ""isRefunded"": false}, {""vat"": 0.2, ""price"": 3.12, ""product"": ""tooth brush"", ""isRefunded"": false}, {""vat"": 0.2, ""price"": 2.06, ""product"": ""Chocolate Chip Cookies"", ""isRefunded"": false}, {""vat"": 0.2, ""price"": 6.06, ""product"": ""millet"", ""isRefunded"": false}, {""vat"": 0.2, ""price"": 1.02, ""product"": ""cheese"", ""isRefunded"": false}]",55.53,"$","card","2229",,16,2,6
73,"2021-07-02 05:13:15.213","[{""vat"": 0.2, ""price"": 2.44, ""product"": ""amaranth"", ""isRefunded"": false}, {""vat"": 0.2, ""price"": 1.65, ""product"": ""cookies"", ""isRefunded"": false}, {""vat"": 0.2, ""price"": 6.39, ""product"": ""red wine"", ""isRefunded"": false}, {""vat"": 0.2, ""price"": 4.32, ""product"": ""coca cola"", ""isRefunded"": false}, {""vat"": 0.2, ""price"": 5.51, ""product"": ""chips"", ""isRefunded"": false}, {""vat"": 0.2, ""price"": 8.19, ""product"": ""lettuce"", ""isRefunded"": false}, {""vat"": 0.2, ""price"": 6.2, ""product"": ""Gingerbread Cookies"", ""isRefunded"": false}, {""vat"": 0.2, ""price"": 8.29, ""product"": ""buckwheat"", ""isRefunded"": false}]",42.99,"$","card","2229",,6,2,7
74,"2021-06-28 17:56:16.064","[{""vat"": 0.2, ""price"": 3.55, ""product"": ""sweetcorn"", ""isRefunded"": false}, {""vat"": 0.2, ""price"": 7.93, ""product"": ""Biscotti Cookies"", ""isRefunded"": false}, {""vat"": 0.2, ""price"": 5.06, ""product"": ""coca cola"", ""isRefunded"": false}, {""vat"": 0.2, ""price"": 8.55, ""product"": ""buckwheat"", ""isRefunded"": false}, {""vat"": 0.2, ""price"": 1.17, ""product"": ""pork chops"", ""isRefunded"": false}, {""vat"": 0.2, ""price"": 2.58, ""product"": ""rocket salad"", ""isRefunded"": false}]",28.84,"£","card","5768",,1,1,7
75,"2021-06-28 21:57:28.756","[{""vat"": 0.2, ""price"": 7.13, ""product"": ""cucumber"", ""isRefunded"": false}, {""vat"": 0.2, ""price"": 8.28, ""product"": ""Biscotti Cookies"", ""isRefunded"": false}, {""vat"": 0.2, ""price"": 2.32, ""product"": ""avocados"", ""isRefunded"": false}, {""vat"": 0.2, ""price"": 1.52, ""product"": ""tapioca"", ""isRefunded"": false}, {""vat"": 0.2, ""price"": 8.51, ""product"": ""Gingerbread Cookies"", ""isRefunded"": false}, {""vat"": 0.2, ""price"": 7.63, ""product"": ""buckwheat"", ""isRefunded"": false}]",35.39,"€","card","3852",,9,5,1
76,"2021-06-05 10:32:33.902","[{""vat"": 0.2, ""price"": 7.1, ""product"": ""salad"", ""isRefunded"": false}, {""vat"": 0.2, ""price"": 1.44, ""product"": ""pork chops"", ""isRefunded"": false}, {""vat"": 0.2, ""price"": 7.92, ""product"": ""pepsi"", ""isRefunded"": false}, {""vat"": 0.2, ""price"": 4.63, ""product"": ""Biscotti Cookies"", ""isRefunded"": false}, {""vat"": 0.2, ""price"": 7.3, ""product"": ""orange juice"", ""isRefunded"": false}, {""vat"": 0.2, ""price"": 3.36, ""product"": ""avocados"", ""isRefunded"": false}, {""vat"": 0.2, ""price"": 2.69, ""product"": ""brown rice"", ""isRefunded"": false}, {""vat"": 0.2, ""price"": 8.01, ""product"": ""chicken breast 450g"", ""isRefunded"": false}, {""vat"": 0.2, ""price"": 2.99, ""product"": ""rump steak"", ""isRefunded"": false}, {""vat"": 0.2, ""price"": 4.57, ""product"": ""sweet chili sauce"", ""isRefunded"": false}, {""vat"": 0.2, ""price"": 7.06, ""product"": ""sweetcorn"", ""isRefunded"": false}, {""vat"": 0.2, ""price"": 5.58, ""product"": ""teff"", ""isRefunded"": false}]",62.65,"$","card","2229",,15,2,5
77,"2021-06-22 07:14:32.502","[{""vat"": 0.2, ""price"": 5.99, ""product"": ""cheese"", ""isRefunded"": false}, {""vat"": 0.2, ""price"": 1.55, ""product"": ""white wine"", ""isRefunded"": false}, {""vat"": 0.2, ""price"": 8.92, ""product"": ""sweet chili sauce"", ""isRefunded"": false}, {""vat"": 0.2, ""price"": 3.75, ""product"": ""arrowroot"", ""isRefunded"": false}, {""vat"": 0.2, ""price"": 5.82, ""product"": ""sweetcorn"", ""isRefunded"": false}, {""vat"": 0.2, ""price"": 4.02, ""product"": ""avocados"", ""isRefunded"": false}, {""vat"": 0.2, ""price"": 5.27, ""product"": ""crips"", ""isRefunded"": false}, {""vat"": 0.2, ""price"": 3.05, ""product"": ""brown rice"", ""isRefunded"": false}, {""vat"": 0.2, ""price"": 3.72, ""product"": ""Biscotti Cookies"", ""isRefunded"": false}, {""vat"": 0.2, ""price"": 1.29, ""product"": ""pork chops"", ""isRefunded"": false}]",43.38,"$","card","2229",,18,2,8
78,"2021-06-23 15:27:31.841","[{""vat"": 0.2, ""price"": 3.53, ""product"": ""rocket salad"", ""isRefunded"": false}, {""vat"": 0.2, ""price"": 6.5, ""product"": ""oat milk"", ""isRefunded"": false}, {""vat"": 0.2, ""price"": 4.26, ""product"": ""brie"", ""isRefunded"": false}, {""vat"": 0.2, ""price"": 8.7, ""product"": ""Shortbread Cookies"", ""isRefunded"": false}, {""vat"": 0.2, ""price"": 7.72, ""product"": ""Shortbread Cookies"", ""isRefunded"": false}, {""vat"": 0.2, ""price"": 2.45, ""product"": ""sweetcorn"", ""isRefunded"": false}]",33.16,"$","card","5768",,17,1,4
79,"2021-07-02 09:55:01.732","[{""vat"": 0.2, ""price"": 6.47, ""product"": ""ketchup"", ""isRefunded"": false}, {""vat"": 0.2, ""price"": 7.69, ""product"": ""rocket salad"", ""isRefunded"": false}, {""vat"": 0.2, ""price"": 8.82, ""product"": ""red wine"", ""isRefunded"": false}, {""vat"": 0.2, ""price"": 2.21, ""product"": ""fanta"", ""isRefunded"": false}, {""vat"": 0.2, ""price"": 2.75, ""product"": ""pork chops"", ""isRefunded"": false}, {""vat"": 0.2, ""price"": 7.95, ""product"": ""chicken breast 450g"", ""isRefunded"": false}, {""vat"": 0.2, ""price"": 1.7, ""product"": ""milk"", ""isRefunded"": false}, {""vat"": 0.2, ""price"": 3.77, ""product"": ""sweet chili sauce"", ""isRefunded"": false}, {""vat"": 0.2, ""price"": 8.34, ""product"": ""mustard"", ""isRefunded"": false}]",49.7,"£","card","3852",,2,5,1
80,"2021-07-01 11:49:29.44","[{""vat"": 0.2, ""price"": 4.14, ""product"": ""oreos"", ""isRefunded"": false}]",4.14,"£","card","3846",,13,3,1
81,"2021-06-07 22:51:31.798","[{""vat"": 0.2, ""price"": 3.19, ""product"": ""sausages"", ""isRefunded"": false}, {""vat"": 0.2, ""price"": 8.84, ""product"": ""arrowroot"", ""isRefunded"": false}, {""vat"": 0.2, ""price"": 8.07, ""product"": ""Shortbread Cookies"", ""isRefunded"": false}, {""vat"": 0.2, ""price"": 4.33, ""product"": ""pork chops"", ""isRefunded"": false}, {""vat"": 0.2, ""price"": 8.1, ""product"": ""stella"", ""isRefunded"": false}, {""vat"": 0.2, ""price"": 8.79, ""product"": ""white wine"", ""isRefunded"": false}, {""vat"": 0.2, ""price"": 7.84, ""product"": ""mustard"", ""isRefunded"": false}]",49.16,"£","card","1254",,8,4,6
82,"2021-06-04 08:43:10.976","[{""vat"": 0.2, ""price"": 7.55, ""product"": ""crips"", ""isRefunded"": false}, {""vat"": 0.2, ""price"": 2.48, ""product"": ""Macaroon Cookies"", ""isRefunded"": false}, {""vat"": 0.2, ""price"": 2.42, ""product"": ""sprite"", ""isRefunded"": false}]",12.45,"$","card","1254",,13,4,7
83,"2021-06-25 16:19:42.61","[{""vat"": 0.2, ""price"": 8.41, ""product"": ""crips"", ""isRefunded"": false}, {""vat"": 0.2, ""price"": 4.88, ""product"": ""crips"", ""isRefunded"": false}, {""vat"": 0.2, ""price"": 7.74, ""product"": ""tomatoes"", ""isRefunded"": false}, {""vat"": 0.2, ""price"": 1.4, ""product"": ""buckwheat"", ""isRefunded"": false}, {""vat"": 0.2, ""price"": 1.19, ""product"": ""pepsi"", ""isRefunded"": false}, {""vat"": 0.2, ""price"": 6.47, ""product"": ""sorghum"", ""isRefunded"": false}, {""vat"": 0.2, ""price"": 7.6, ""product"": ""sorghum"", ""isRefunded"": false}, {""vat"": 0.2, ""price"": 7.15, ""product"": ""salad"", ""isRefunded"": false}, {""vat"": 0.2, ""price"": 7.85, ""product"": ""Chocolate Chip Cookies"", ""isRefunded"": false}]",52.69,"$","card","2229",,14,2,3
84,"2021-06-16 03:50:32.012","[{""vat"": 0.2, ""price"": 5.13, ""product"": ""cucumber"", ""isRefunded"": false}, {""vat"": 0.2, ""price"": 1.81, ""product"": ""crips"", ""isRefunded"": false}, {""vat"": 0.2, ""price"": 7.27, ""product"": ""amaranth"", ""isRefunded"": false}, {""vat"": 0.2, ""price"": 5.59, ""product"": ""crips"", ""isRefunded"": false}, {""vat"": 0.2, ""price"": 1.42, ""product"": ""milk"", ""isRefunded"": false}, {""vat"": 0.2, ""price"": 7.94, ""product"": ""cookies"", ""isRefunded"": false}, {""vat"": 0.2, ""price"": 7.85, ""product"": ""coca cola zero"", ""isRefunded"": false}, {""vat"": 0.2, ""price"": 2.36, ""product"": ""Shortbread Cookies"", ""isRefunded"": false}, {""vat"": 0.2, ""price"": 8.87, ""product"": ""pork belly slices"", ""isRefunded"": false}, {""vat"": 0.2, ""price"": 2.37, ""product"": ""Oatmeal Raisin Cookies"", ""isRefunded"": false}]",50.61,"$","card","2229",,10,2,3
85,"2021-07-01 23:51:51.628","[{""vat"": 0.2, ""price"": 8.58, ""product"": ""chorizo"", ""isRefunded"": false}]",8.58,"£","card","2229",,6,2,1
86,"2021-06-24 01:09:59.905","[{""vat"": 0.2, ""price"": 3.44, ""product"": ""coca cola zero"", ""isRefunded"": false}, {""vat"": 0.2, ""price"": 8.17, ""product"": ""oreos"", ""isRefunded"": false}, {""vat"": 0.2, ""price"": 3.25, ""product"": ""red wine"", ""isRefunded"": false}, {""vat"": 0.2, ""price"": 5.5, ""product"": ""salad"", ""isRefunded"": false}, {""vat"": 0.2, ""price"": 4.86, ""product"": ""white wine"", ""isRefunded"": false}, {""vat"": 0.2, ""price"": 6.02, ""product"": ""crips"", ""isRefunded"": false}, {""vat"": 0.2, ""price"": 1.27, ""product"": ""Gingerbread Cookies"", ""isRefunded"": false}, {""vat"": 0.2, ""price"": 4.97, ""product"": ""brown rice"", ""isRefunded"": false}, {""vat"": 0.2, ""price"": 7.61, ""product"": ""brown rice"", ""isRefunded"": false}]",45.09,"£","card","1254",,3,4,7
87,"2021-06-11 01:50:59.863","[{""vat"": 0.2, ""price"": 5.79, ""product"": ""oreos"", ""isRefunded"": false}, {""vat"": 0.2, ""price"": 3.41, ""product"": ""tomatoes"", ""isRefunded"": false}, {""vat"": 0.2, ""price"": 8.34, ""product"": ""cookies"", ""isRefunded"": false}, {""vat"": 0.2, ""price"": 6.42, ""product"": ""frozen peas"", ""isRefunded"": false}, {""vat"": 0.2, ""price"": 5.87, ""product"": ""rump steak"", ""isRefunded"": false}, {""vat"": 0.2, ""price"": 5.27, ""product"": ""oreos"", ""isRefunded"": false}, {""vat"": 0.2, ""price"": 3.79, ""product"": ""sweet chili sauce"", ""isRefunded"": false}, {""vat"": 0.2, ""price"": 1.43, ""product"": ""crips"", ""isRefunded"": false}, {""vat"": 0.2, ""price"": 3.01, ""product"": ""mustard"", ""isRefunded"": false}, {""vat"": 0.2, ""price"": 1.44, ""product"": ""Shortbread Cookies"", ""isRefunded"": false}]",44.77,"£","card","5768",,13,1,5
88,"2021-06-17 17:49:09.224","[{""vat"": 0.2, ""price"": 3.89, ""product"": ""oat milk"", ""isRefunded"": false}, {""vat"": 0.2, ""price"": 6.52, ""product"": ""tomatoes"", ""isRefunded"": false}, {""vat"": 0.2, ""price"": 4.75, ""product"": ""cookies"", ""isRefunded"": false}, {""vat"": 0.2, ""price"": 4.11, ""product"": ""rocket salad"", ""isRefunded"": false}, {""vat"": 0.2, ""price"": 3.65, ""product"": ""tomatoes"", ""isRefunded"": false}, {""vat"": 0.2, ""price"": 7.21, ""product"": ""milk"", ""isRefunded"": false}, {""vat"": 0.2, ""price"": 1.31, ""product"": ""lettuce"", ""isRefunded"": false}, {""vat"": 0.2, ""price"": 4.99, ""product"": ""ketchup"", ""isRefunded"": false}, {""vat"": 0.2, ""price"": 5.85, ""product"": ""frozen peas"", ""isRefunded"": false}, {""vat"": 0.2, ""price"": 3.82, ""product"": ""brie"", ""isRefunded"": false}, {""vat"": 0.2, ""price"": 2.25, ""product"": ""oreos"", ""isRefunded"": false}]",48.35,"$","card","3846",,14,3,4
89,"2021-05-31 21:50:33.87","[{""vat"": 0.2, ""price"": 6.96, ""product"": ""wild rice"", ""isRefunded"": false}, {""vat"": 0.2, ""price"": 4.41, ""product"": ""Oatmeal Raisin Cookies"", ""isRefunded"": false}, {""vat"": 0.2, ""price"": 4.45, ""product"": ""white wine"", ""isRefunded"": false}, {""vat"": 0.2, ""price"": 5.95, ""product"": ""mustard"", ""isRefunded"": false}, {""vat"": 0.2, ""price"": 3.83, ""product"": ""chorizo"", ""isRefunded"": false}, {""vat"": 0.2, ""price"": 1.55, ""product"": ""rump steak"", ""isRefunded"": false}, {""vat"": 0.2, ""price"": 8.53, ""product"": ""wild rice"", ""isRefunded"": false}, {""vat"": 0.2, ""price"": 8.62, ""product"": ""wild rice"", ""isRefunded"": false}, {""vat"": 0.2, ""price"": 4.12, ""product"": ""Macaroon Cookies"", ""isRefunded"": false}, {""vat"": 0.2, ""price"": 2.21, ""product"": ""lettuce"", ""isRefunded"": false}]",50.63,"€","card","3846",,2,3,6
90,"2021-06-04 03:28:03.502","[{""vat"": 0.2, ""price"": 3.03, ""product"": ""orange juice"", ""isRefunded"": false}, {""vat"": 0.2, ""price"": 7.48, ""product"": ""tomatoes"", ""isRefunded"": false}, {""vat"": 0.2, ""price"": 8.41, ""product"": ""chicken breast 450g"", ""isRefunded"": false}, {""vat"": 0.2, ""price"": 7.09, ""product"": ""rump steak"", ""isRefunded"": false}, {""vat"": 0.2, ""price"": 3.75, ""product"": ""cucumber"", ""isRefunded"": false}, {""vat"": 0.2, ""price"": 3.25, ""product"": ""Macaron Cookies"", ""isRefunded"": false}, {""vat"": 0.2, ""price"": 7.27, ""product"": ""rocket salad"", ""isRefunded"": false}, {""vat"": 0.2, ""price"": 5.12, ""product"": ""Macaroon Cookies"", ""isRefunded"": false}]",45.4,"£","card","3852",,19,5,3
91,"2021-07-05 09:52:48.861","[{""vat"": 0.2, ""price"": 6.79, ""product"": ""sprite"", ""isRefunded"": false}, {""vat"": 0.2, ""price"": 4.33, ""product"": ""frozen peas"", ""isRefunded"": false}, {""vat"": 0.2, ""price"": 5.71, ""product"": ""heineken"", ""isRefunded"": false}, {""vat"": 0.2, ""price"": 6.7, ""product"": ""heineken"", ""isRefunded"": false}, {""vat"": 0.2, ""price"": 1.99, ""product"": ""arrowroot"", ""isRefunded"": false}, {""vat"": 0.2, ""price"": 6.38, ""product"": ""pork chops"", ""isRefunded"": false}, {""vat"": 0.2, ""price"": 1.96, ""product"": ""pepsi"", ""isRefunded"": false}, {""vat"": 0.2, ""price"": 5.1, ""product"": ""pork belly slices"", ""isRefunded"": false}, {""vat"": 0.2, ""price"": 7.7, ""product"": ""chorizo"", ""isRefunded"": false}, {""vat"": 0.2, ""price"": 7.4, ""product"": ""brown rice"", ""isRefunded"": false}, {""vat"": 0.2, ""price"": 8.93, ""product"": ""Macaroon Cookies"", ""isRefunded"": false}, {""vat"": 0.2, ""price"": 5.95, ""product"": ""Gingerbread Cookies"", ""isRefunded"": false}]",68.94,"$","card","5768",,7,1,5
92,"2021-06-22 18:43:21.142","[{""vat"": 0.2, ""price"": 5.81, ""product"": ""tomatoes"", ""isRefunded"": false}, {""vat"": 0.2, ""price"": 1.36, ""product"": ""coca cola"", ""isRefunded"": false}, {""vat"": 0.2, ""price"": 3.31, ""product"": ""milk"", ""isRefunded"": false}, {""vat"": 0.2, ""price"": 6.35, ""product"": ""salad"", ""isRefunded"": false}, {""vat"": 0.2, ""price"": 1.39, ""product"": ""coca cola"", ""isRefunded"": false}, {""vat"": 0.2, ""price"": 4.62, ""product"": ""tomatoes"", ""isRefunded"": false}, {""vat"": 0.2, ""price"": 5.18, ""product"": ""salad"", ""isRefunded"": false}, {""vat"": 0.2, ""price"": 2.05, ""product"": ""Biscotti Cookies"", ""isRefunded"": false}, {""vat"": 0.2, ""price"": 5.02, ""product"": ""brown rice"", ""isRefunded"": false}]",35.09,"€","card","5768",,6,1,5
93,"2021-06-10 09:13:47.35","[{""vat"": 0.2, ""price"": 1.26, ""product"": ""avocados"", ""isRefunded"": false}, {""vat"": 0.2, ""price"": 2.16, ""product"": ""brie"", ""isRefunded"": false}, {""vat"": 0.2, ""price"": 4.33, ""product"": ""avocados"", ""isRefunded"": false}, {""vat"": 0.2, ""price"": 1.45, ""product"": ""tooth brush"", ""isRefunded"": false}, {""vat"": 0.2, ""price"": 3.03, ""product"": ""orange juice"", ""isRefunded"": false}, {""vat"": 0.2, ""price"": 5.43, ""product"": ""tomatoes"", ""isRefunded"": false}, {""vat"": 0.2, ""price"": 7.7, ""product"": ""red wine"", ""isRefunded"": false}, {""vat"": 0.2, ""price"": 4.05, ""product"": ""chicken breast 450g"", ""isRefunded"": false}, {""vat"": 0.2, ""price"": 7.06, ""product"": ""rocket salad"", ""isRefunded"": false}, {""vat"": 0.2, ""price"": 8.06, ""product"": ""pork chops"", ""isRefunded"": false}]",44.53,"€","card","1254",,10,4,5
94,"2021-06-03 09:54:51.021","[{""vat"": 0.2, ""price"": 8.52, ""product"": ""chicken breast 450g"", ""isRefunded"": false}]",8.52,"£","card","2229",,5,2,1
95,"2021-06-18 10:10:25.56","[{""vat"": 0.2, ""price"": 8.75, ""product"": ""brie"", ""isRefunded"": false}, {""vat"": 0.2, ""price"": 5.34, ""product"": ""Biscotti Cookies"", ""isRefunded"": false}, {""vat"": 0.2, ""price"": 3.32, ""product"": ""cookies"", ""isRefunded"": false}, {""vat"": 0.2, ""price"": 2.57, ""product"": ""Biscotti Cookies"", ""isRefunded"": false}, {""vat"": 0.2, ""price"": 3.78, ""product"": ""brown rice"", ""isRefunded"": false}]",23.76,"£","card","3846",,11,3,5
96,"2021-07-06 00:12:08.922","[{""vat"": 0.2, ""price"": 6.08, ""product"": ""Gingerbread Cookies"", ""isRefunded"": false}, {""vat"": 0.2, ""price"": 1.83, ""product"": ""chorizo"", ""isRefunded"": false}, {""vat"": 0.2, ""price"": 5.35, ""product"": ""Oatmeal Raisin Cookies"", ""isRefunded"": false}, {""vat"": 0.2, ""price"": 4.11, ""product"": ""cucumber"", ""isRefunded"": false}, {""vat"": 0.2, ""price"": 7.95, ""product"": ""stella"", ""isRefunded"": false}, {""vat"": 0.2, ""price"": 2.12, ""product"": ""Oatmeal Raisin Cookies"", ""isRefunded"": false}, {""vat"": 0.2, ""price"": 4.84, ""product"": ""millet"", ""isRefunded"": false}, {""vat"": 0.2, ""price"": 8.69, ""product"": ""tapioca"", ""isRefunded"": false}, {""vat"": 0.2, ""price"": 1.56, ""product"": ""tooth brush"", ""isRefunded"": false}, {""vat"": 0.2, ""price"": 3.27, ""product"": ""chicken breast 450g"", ""isRefunded"": false}, {""vat"": 0.2, ""price"": 2.16, ""product"": ""heineken"", ""isRefunded"": false}]",47.96,"£","card","1254",,7,4,6
97,"2021-06-10 19:40:17.714","[{""vat"": 0.2, ""price"": 6.77, ""product"": ""tomatoes"", ""isRefunded"": false}, {""vat"": 0.2, ""price"": 3.84, ""product"": ""Sugar Cookies"", ""isRefunded"": false}, {""vat"": 0.2, ""price"": 5.48, ""product"": ""rump steak"", ""isRefunded"": false}, {""vat"": 0.2, ""price"": 1.19, ""product"": ""chips"", ""isRefunded"": false}, {""vat"": 0.2, ""price"": 4.37, ""product"": ""pork chops"", ""isRefunded"": false}, {""vat"": 0.2, ""price"": 2.74, ""product"": ""milk"", ""isRefunded"": false}, {""vat"": 0.2, ""price"": 1.97, ""product"": ""brie"", ""isRefunded"": false}, {""vat"": 0.2, ""price"": 6.17, ""product"": ""red wine"", ""isRefunded"": false}, {""vat"": 0.2, ""price"": 7.35, ""product"": ""pork chops"", ""isRefunded"": false}, {""vat"": 0.2, ""price"": 6.82, ""product"": ""pork chops"", ""isRefunded"": false}, {""vat"": 0.2, ""price"": 7.6, ""product"": ""tooth brush"", ""isRefunded"": false}]",54.3,"£","card","2229",,16,2,7
98,"2021-06-22 04:26:50.962","[{""vat"": 0.2, ""price"": 6.8, ""product"": ""avocados"", ""isRefunded"": false}, {""vat"": 0.2, ""price"": 6.55, ""product"": ""chicken breast 450g"", ""isRefunded"": false}, {""vat"": 0.2, ""price"": 6.56, ""product"": ""pork chops"", ""isRefunded"": false}, {""vat"": 0.2, ""price"": 8.02, ""product"": ""cookies"", ""isRefunded"": false}, {""vat"": 0.2, ""price"": 1.28, ""product"": ""Macaron Cookies"", ""isRefunded"": false}, {""vat"": 0.2, ""price"": 1.96, ""product"": ""tomatoes"", ""isRefunded"": false}, {""vat"": 0.2, ""price"": 2.2, ""product"": ""red wine"", ""isRefunded"": false}, {""vat"": 0.2, ""price"": 5.91, ""product"": ""fanta"", ""isRefunded"": false}, {""vat"": 0.2, ""price"": 8.02, ""product"": ""tooth brush"", ""isRefunded"": false}, {""vat"": 0.2, ""price"": 3, ""product"": ""sausages"", ""isRefunded"": false}, {""vat"": 0.2, ""price"": 4.35, ""product"": ""chicken breast 450g"", ""isRefunded"": false}]",54.65,"$","card","3852",,18,5,1
99,"2021-07-06 14:25:58.292","[{""vat"": 0.2, ""price"": 5.69, ""product"": ""coca cola"", ""isRefunded"": false}, {""vat"": 0.2, ""price"": 2.95, ""product"": ""avocados"", ""isRefunded"": false}, {""vat"": 0.2, ""price"": 8.47, ""product"": ""buckwheat"", ""isRefunded"": false}, {""vat"": 0.2, ""price"": 2.17, ""product"": ""teff"", ""isRefunded"": false}, {""vat"": 0.2, ""price"": 5.18, ""product"": ""Shortbread Cookies"", ""isRefunded"": false}, {""vat"": 0.2, ""price"": 4.55, ""product"": ""crips"", ""isRefunded"": false}, {""vat"": 0.2, ""price"": 3.46, ""product"": ""Macaron Cookies"", ""isRefunded"": false}, {""vat"": 0.2, ""price"": 1.67, ""product"": ""cucumber"", ""isRefunded"": false}, {""vat"": 0.2, ""price"": 6.11, ""product"": ""frozen peas"", ""isRefunded"": false}, {""vat"": 0.2, ""price"": 7.39, ""product"": ""salad"", ""isRefunded"": false}]",47.64,"€","card","5768",,12,1,3
0,"2021-06-30 23:07:56.722","[{""vat"": 0.2, ""price"": 5.47, ""product"": ""bread"", ""isRefunded"": false}, {""vat"": 0.2, ""price"": 6.15, ""product"": ""ketchup"", ""isRefunded"": false}, {""vat"": 0.2, ""price"": 7.34, ""product"": ""cheese"", ""isRefunded"": false}, {""vat"": 0.2, ""price"": 5.26, ""product"": ""chips"", ""isRefunded"": false}, {""vat"": 0.2, ""price"": 2.42, ""product"": ""Macaroon Cookies"", ""isRefunded"": false}]",26.64,"£","card","1254",,7,4,7
